team,avg game difference
England,9.625
France,12.0
Italy,11.272727272727273
Ireland,11.4
Wales,10.61111111111111
Scotland,4.0
New Zealand,15.941176470588236
